<?xml version="1.0" encoding="UTF-8"?>
<metadata xml:lang="zh"><Esri><CreaDate>20241005</CreaDate><CreaTime>15140100</CreaTime><ArcGISFormat>1.0</ArcGISFormat><SyncOnce>FALSE</SyncOnce><DataProperties><lineage><Process Name="栅格转点" ToolSource="d:\program files (x86)\arcgis\desktop10.8\ArcToolbox\Toolboxes\Conversion Tools.tbx\RasterToPoint" Date="20231128" Time="161010">RasterToPoint D:\test_data\DEM_TIN\DEM_minus\6015ad1-0 D:\test_data\DEM_TIN\DEM_minus_2_point\6015ad1-0.shp Value</Process><Process ToolSource="d:\program files (x86)\arcgis\desktop10.8\ArcToolbox\Toolboxes\Conversion Tools.tbx\FeatureClassToFeatureClass" Date="20241024" Time="194855">FeatureClassToFeatureClass 6015ad01 D:\test_data\地形因子提取\基于DEM_TIN的因子提取\原始DEM因子提取\AD15度地形因子GTWR数据\DEM_cha_hots 6015ad10_h.shp # "SOURCE_ID "SOURCE_ID" false false true 4 Long 0 0 ,First,#,D:\test_data\地形因子提取\基于DEM_TIN的因子提取\原始DEM因子提取\AD15度地形因子GTWR数据\DEM_RH\DEM_cha\6015ad01.shp,FID,-1,-1;grid_code "grid_code" true true false 13 Float 0 0 ,First,#,D:\test_data\地形因子提取\基于DEM_TIN的因子提取\原始DEM因子提取\AD15度地形因子GTWR数据\DEM_RH\DEM_cha\6015ad01.shp,grid_code,-1,-1" #</Process><Process ToolSource="d:\program files (x86)\arcgis\desktop10.8\ArcToolbox\Toolboxes\Data Management Tools.tbx\AddField" Date="20241024" Time="194856">AddField D:\test_data\地形因子提取\基于DEM_TIN的因子提取\原始DEM因子提取\AD15度地形因子GTWR数据\DEM_cha_hots\6015ad10_h.shp GiZScore DOUBLE # # # "GiZScore Fixed 0" NULLABLE NON_REQUIRED #</Process><Process ToolSource="d:\program files (x86)\arcgis\desktop10.8\ArcToolbox\Toolboxes\Data Management Tools.tbx\AddField" Date="20241024" Time="194856">AddField D:\test_data\地形因子提取\基于DEM_TIN的因子提取\原始DEM因子提取\AD15度地形因子GTWR数据\DEM_cha_hots\6015ad10_h.shp GiPValue DOUBLE # # # "GiPValue Fixed 0" NULLABLE NON_REQUIRED #</Process><Process ToolSource="d:\program files (x86)\arcgis\desktop10.8\ArcToolbox\Toolboxes\Data Management Tools.tbx\AddField" Date="20241024" Time="194857">AddField D:\test_data\地形因子提取\基于DEM_TIN的因子提取\原始DEM因子提取\AD15度地形因子GTWR数据\DEM_cha_hots\6015ad10_h.shp NNeighbors LONG # # # "NNeighbors Fixed 0" NULLABLE NON_REQUIRED #</Process><Process ToolSource="d:\program files (x86)\arcgis\desktop10.8\ArcToolbox\Toolboxes\Data Management Tools.tbx\AddField" Date="20241024" Time="194857">AddField D:\test_data\地形因子提取\基于DEM_TIN的因子提取\原始DEM因子提取\AD15度地形因子GTWR数据\DEM_cha_hots\6015ad10_h.shp Gi_Bin LONG # # # "Gi_Bin Fixed 0" NULLABLE NON_REQUIRED #</Process><Process ToolSource="d:\program files (x86)\arcgis\desktop10.8\ArcToolbox\Toolboxes\Spatial Statistics Tools.tbx\HotSpots" Date="20241024" Time="194903">HotSpots 6015ad01 grid_code D:\test_data\地形因子提取\基于DEM_TIN的因子提取\原始DEM因子提取\AD15度地形因子GTWR数据\DEM_cha_hots\6015ad10_h.shp FIXED_DISTANCE_BAND EUCLIDEAN_DISTANCE NONE # # # NO_FDR</Process></lineage><itemProps><itemLocation><linkage Sync="TRUE">file://\\BAILIUSU\D$\test_data\地形因子提取\基于DEM_TIN的因子提取\原始DEM因子提取\AD15度地形因子GTWR数据\DEM_cha_hots\6015ad10_h.shp</linkage><protocol Sync="TRUE">Local Area Network</protocol></itemLocation><itemName Sync="TRUE">6015ad10_h</itemName><imsContentType Sync="TRUE">002</imsContentType><itemSize Sync="TRUE">0.000</itemSize></itemProps><copyHistory><copy source="D:\test_data\DEM_TIN\DEM_minus_2_point\6015ad10" dest="\\BAILIUSU\D$\test_data\地形因子提取\基于DEM_TIN的因子提取\原始DEM因子提取\AD15度地形因子GTWR数据\DEM_RH\DEM_cha\6015ad10" date="20241005" time="15140100"></copy></copyHistory></DataProperties><ArcGISstyle>XTools Pro Metadata</ArcGISstyle><SyncDate>20241024</SyncDate><SyncTime>19484500</SyncTime><ModDate>20241024</ModDate><ModTime>19484500</ModTime></Esri><dataIdInfo><envirDesc Sync="TRUE"> Version 6.2 (Build 9200) ; Esri ArcGIS 10.8.0.12790</envirDesc><dataLang><languageCode value="zho" Sync="TRUE"></languageCode><countryCode value="CHN" Sync="TRUE"></countryCode></dataLang><idCitation><resTitle Sync="TRUE">6015ad10_h</resTitle><presForm><PresFormCd value="005" Sync="TRUE"></PresFormCd></presForm></idCitation><spatRpType><SpatRepTypCd value="001" Sync="TRUE"></SpatRepTypCd></spatRpType></dataIdInfo><mdLang><languageCode value="zho" Sync="TRUE"></languageCode><countryCode value="CHN" Sync="TRUE"></countryCode></mdLang><mdChar><CharSetCd value="004" Sync="TRUE"></CharSetCd></mdChar><distInfo><distFormat><formatName Sync="TRUE">Shapefile</formatName></distFormat><distTranOps><transSize Sync="TRUE">0.000</transSize></distTranOps></distInfo><mdHrLv><ScopeCd value="005" Sync="TRUE"></ScopeCd></mdHrLv><mdHrLvName Sync="TRUE">dataset</mdHrLvName><spatRepInfo><VectSpatRep><geometObjs Name="6015ad10_h"><geoObjTyp><GeoObjTypCd value="004" Sync="TRUE"></GeoObjTypCd></geoObjTyp><geoObjCnt Sync="TRUE">0</geoObjCnt></geometObjs><topLvl><TopoLevCd value="001" Sync="TRUE"></TopoLevCd></topLvl></VectSpatRep></spatRepInfo><spdoinfo><ptvctinf><esriterm Name="6015ad10_h"><efeatyp Sync="TRUE">Simple</efeatyp><efeageom code="1" Sync="TRUE"></efeageom><esritopo Sync="TRUE">FALSE</esritopo><efeacnt Sync="TRUE">0</efeacnt><spindex Sync="TRUE">FALSE</spindex><linrefer Sync="TRUE">FALSE</linrefer></esriterm></ptvctinf></spdoinfo><eainfo><detailed Name="6015ad10_h"><enttyp><enttypl Sync="TRUE">6015ad10_h</enttypl><enttypt Sync="TRUE">Feature Class</enttypt><enttypc Sync="TRUE">0</enttypc></enttyp><attr><attrlabl Sync="TRUE">FID</attrlabl><attalias Sync="TRUE">FID</attalias><attrtype Sync="TRUE">OID</attrtype><attwidth Sync="TRUE">4</attwidth><atprecis Sync="TRUE">0</atprecis><attscale Sync="TRUE">0</attscale><attrdef Sync="TRUE">Internal feature number.</attrdef><attrdefs Sync="TRUE">Esri</attrdefs><attrdomv><udom Sync="TRUE">Sequential unique whole numbers that are automatically generated.</udom></attrdomv></attr><attr><attrlabl Sync="TRUE">Shape</attrlabl><attalias Sync="TRUE">Shape</attalias><attrtype Sync="TRUE">Geometry</attrtype><attwidth Sync="TRUE">0</attwidth><atprecis Sync="TRUE">0</atprecis><attscale Sync="TRUE">0</attscale><attrdef Sync="TRUE">Feature geometry.</attrdef><attrdefs Sync="TRUE">Esri</attrdefs><attrdomv><udom Sync="TRUE">Coordinates defining the features.</udom></attrdomv></attr><attr><attrlabl Sync="TRUE">SOURCE_ID</attrlabl><attalias Sync="TRUE">SOURCE_ID</attalias><attrtype Sync="TRUE">Integer</attrtype><attwidth Sync="TRUE">10</attwidth><atprecis Sync="TRUE">10</atprecis><attscale Sync="TRUE">0</attscale></attr><attr><attrlabl Sync="TRUE">grid_code</attrlabl><attalias Sync="TRUE">grid_code</attalias><attrtype Sync="TRUE">Single</attrtype><attwidth Sync="TRUE">13</attwidth><atprecis Sync="TRUE">0</atprecis><attscale Sync="TRUE">0</attscale></attr></detailed></eainfo><mdDateSt Sync="TRUE">20241024</mdDateSt></metadata>
